[{"model": "blog.post", "pk": 80, "fields": {"title": "avgrund", "slug": "heavy-psychedelic-garage-rock-avgrunden-playlist", "label": "PLAYLIST", "author": 5, "featured_image": "image/upload/v1721579851/ed1zywksaoh4vd2b8wrw.jpg", "content": "<p><span style=\"color: rgb(0, 0, 0); font-family: &quot;Helvetica Neue&quot;; font-size: 16px; text-align: justify;\">\"Lorem ipsum dolor sit amet, consectetur adipiscing elit, sed do eiusmod tempor incididunt ut labore et dolore magna aliqua. Ut enim ad minim veniam, quis nostrud exercitation ullamco laboris nisi ut aliquip ex ea commodo consequat. Duis aute irure dolor in reprehenderit in voluptate velit esse cillum dolore eu fugiat nulla pariatur. Excepteur sint occaecat cupidatat non proident, sunt in culpa qui officia deserunt mollit anim id est laborum.\"</span></p><hr><p><a href=\"https://open.spotify.com/playlist/2AglWX9VUb7hPmLlv7NDlQ?si=f06e41c07ac347b4\" target=\"_blank\" style=\"background-color: rgb(255, 255, 255);\"><span style=\"font-family: &quot;Helvetica Neue&quot;;\">Link to Spotify</span></a><br></p><p><span style=\"font-family: Tahoma;\">﻿</span><br></p>", "created_on": "2024-07-16T21:51:16.800Z", "status": 1, "excerpt": "Heavy Psychedelic Garage Rock", "updated_on": "2024-07-21T21:18:08.506Z"}}, {"model": "blog.post", "pk": 81, "fields": {"title": "tutto passa", "slug": "smile-and-wave-everything-passes-tutto-passa-playlist", "label": "Playlist", "author": 5, "featured_image": "image/upload/v1721167908/tfltktnybegubvys8dyu.jpg", "content": "<p><span style=\"color: rgb(0, 0, 0); font-family: &quot;Helvetica Neue&quot;; font-size: 16px; text-align: justify;\">\"Lorem ipsum dolor sit amet, consectetur adipiscing elit, sed do eiusmod tempor incididunt ut labore et dolore magna aliqua. Ut enim ad minim veniam, quis nostrud exercitation ullamco laboris nisi ut aliquip ex ea commodo consequat. Duis aute irure dolor in reprehenderit in voluptate velit esse cillum dolore eu fugiat nulla pariatur. Excepteur sint occaecat cupidatat non proident, sunt in culpa qui officia deserunt mollit anim id est laborum.\"</span></p><hr><p><a href=\"https://open.spotify.com/playlist/7mCO0ilk5Ghote57uSeaEm?si=a42933008b7f411a\" target=\"_blank\"><span style=\"font-family: &quot;Helvetica Neue&quot;;\">Link to Spotify</span></a></p>", "created_on": "2024-07-16T22:11:48.511Z", "status": 1, "excerpt": "Smile and wave, everything passes!", "updated_on": "2024-07-21T21:14:33.138Z"}}, {"model": "blog.post", "pk": 83, "fields": {"title": "mareld", "slug": "mareld-slug", "label": "Playlist", "author": 5, "featured_image": "image/upload/v1721594687/mjzhnywtbm1hfwyoc1pr.jpg", "content": "<p><a href=\"https://open.spotify.com/playlist/5EZgFNVOWCU4Nc9aRTewVx?si=82142bd2eaa94255\" target=\"_blank\" style=\"background-color: rgb(255, 255, 255); color: rgb(35, 82, 124); text-decoration-line: underline; outline: 0px;\"><span style=\"color: rgb(0, 0, 0); font-family: &quot;Open Sans&quot;, Arial, sans-serif; font-size: 16px; text-align: justify;\">\"Lorem ipsum dolor sit amet, consectetur adipiscing elit, sed do eiusmod tempor incididunt ut labore et dolore magna aliqua. Ut enim ad minim veniam, quis nostrud exercitation ullamco laboris nisi ut aliquip ex ea commodo consequat. Duis aute irure dolor in reprehenderit in voluptate velit esse cillum dolore eu fugiat nulla pariatur. Excepteur sint occaecat cupidatat non proident, sunt in culpa qui officia deserunt mollit anim id est laborum.\"</span></a></p><hr><p><a href=\"https://open.spotify.com/playlist/4wqeu62GurBWJwGVy73ZPx?si=80d4378f50584568\" target=\"_blank\">Link to Spotify</a><a href=\"https://open.spotify.com/playlist/5EZgFNVOWCU4Nc9aRTewVx?si=82142bd2eaa94255\" target=\"_blank\" style=\"background-color: rgb(255, 255, 255); color: rgb(35, 82, 124); text-decoration-line: underline; outline: 0px;\"></a><span style=\"color: rgb(0, 0, 0); font-family: &quot;Open Sans&quot;, Arial, sans-serif; font-size: 16px; text-align: justify;\"><br></span></p>", "created_on": "2024-07-21T16:55:07.195Z", "status": 1, "excerpt": "mareld - excerpt", "updated_on": "2024-07-21T21:17:14.178Z"}}, {"model": "blog.post", "pk": 85, "fields": {"title": "folkhemmet", "slug": "folkhemmet-slug", "label": "Playlist", "author": 5, "featured_image": "image/upload/v1721595099/uyxs3ldbikpoizmbbo8u.jpg", "content": "<p><a href=\"https://open.spotify.com/playlist/5EZgFNVOWCU4Nc9aRTewVx?si=82142bd2eaa94255\" target=\"_blank\" style=\"background-color: rgb(255, 255, 255); color: rgb(35, 82, 124); text-decoration-line: underline; outline: 0px;\"><span style=\"color: rgb(0, 0, 0); font-family: &quot;Open Sans&quot;, Arial, sans-serif; font-size: 16px; text-align: justify;\">\"Lorem ipsum dolor sit amet, consectetur adipiscing elit, sed do eiusmod tempor incididunt ut labore et dolore magna aliqua. Ut enim ad minim veniam, quis nostrud exercitation ullamco laboris nisi ut aliquip ex ea commodo consequat. Duis aute irure dolor in reprehenderit in voluptate velit esse cillum dolore eu fugiat nulla pariatur. Excepteur sint occaecat cupidatat non proident, sunt in culpa qui officia deserunt mollit anim id est laborum.\"</span></a></p><hr><p><a href=\"https://open.spotify.com/playlist/5lp0H3g2cK7pmtePnAULSV?si=34de12ac2a534c08\" target=\"_blank\">Link to Spotify</a><br></p>", "created_on": "2024-07-21T17:01:10.927Z", "status": 1, "excerpt": "folkhemmet - excerpt", "updated_on": "2024-07-21T21:15:02.353Z"}}, {"model": "blog.post", "pk": 86, "fields": {"title": "tvilling", "slug": "tvilling-slug", "label": "Playlist", "author": 5, "featured_image": "image/upload/v1721581384/hsguefboymkhuh5l1bnr.jpg", "content": "<p><a href=\"https://open.spotify.com/playlist/5EZgFNVOWCU4Nc9aRTewVx?si=82142bd2eaa94255\" target=\"_blank\" style=\"background-color: rgb(255, 255, 255); color: rgb(35, 82, 124); text-decoration-line: underline; outline: 0px;\"><span style=\"color: rgb(0, 0, 0); font-family: &quot;Open Sans&quot;, Arial, sans-serif; font-size: 16px; text-align: justify;\">\"Lorem ipsum dolor sit amet, consectetur adipiscing elit, sed do eiusmod tempor incididunt ut labore et dolore magna aliqua. Ut enim ad minim veniam, quis nostrud exercitation ullamco laboris nisi ut aliquip ex ea commodo consequat. Duis aute irure dolor in reprehenderit in voluptate velit esse cillum dolore eu fugiat nulla pariatur. Excepteur sint occaecat cupidatat non proident, sunt in culpa qui officia deserunt mollit anim id est laborum.\"</span></a></p><hr><p><a href=\"https://open.spotify.com/playlist/14C8wIzpFiJXk3iBQ47gpT?si=f3ae09e12fe34135\" target=\"_blank\">Link to Spotify</a><br></p>", "created_on": "2024-07-21T17:03:04.451Z", "status": 1, "excerpt": "tvilling - excerpt", "updated_on": "2024-07-21T21:11:57.679Z"}}, {"model": "blog.post", "pk": 88, "fields": {"title": "dåndimpen", "slug": "dandimpen-slug", "label": "Playlist", "author": 5, "featured_image": "image/upload/v1721581879/upoqyqlsmjskszoi0a9p.png", "content": "<p><a href=\"https://open.spotify.com/playlist/5EZgFNVOWCU4Nc9aRTewVx?si=82142bd2eaa94255\" target=\"_blank\" style=\"background-color: rgb(255, 255, 255); color: rgb(35, 82, 124); text-decoration-line: underline; outline: 0px;\"><span style=\"color: rgb(0, 0, 0); font-family: &quot;Open Sans&quot;, Arial, sans-serif; font-size: 16px; text-align: justify;\">\"Lorem ipsum dolor sit amet, consectetur adipiscing elit, sed do eiusmod tempor incididunt ut labore et dolore magna aliqua. Ut enim ad minim veniam, quis nostrud exercitation ullamco laboris nisi ut aliquip ex ea commodo consequat. Duis aute irure dolor in reprehenderit in voluptate velit esse cillum dolore eu fugiat nulla pariatur. Excepteur sint occaecat cupidatat non proident, sunt in culpa qui officia deserunt mollit anim id est laborum.\"</span></a></p><hr><p><a href=\"https://open.spotify.com/playlist/5zxrcCIT1azG8uThwiSg2z?si=7bc157ea461d4677\" target=\"_blank\">Link to Spotify</a><br></p>", "created_on": "2024-07-21T17:11:20.065Z", "status": 1, "excerpt": "dåndimpen - excerpt", "updated_on": "2024-07-21T21:11:41.088Z"}}, {"model": "blog.post", "pk": 89, "fields": {"title": "godingar", "slug": "godingar-slug", "label": "Playlist", "author": 5, "featured_image": "image/upload/v1721595795/yatitbywxk16fzqwdwgb.jpg", "content": "<p><a href=\"https://open.spotify.com/playlist/5EZgFNVOWCU4Nc9aRTewVx?si=82142bd2eaa94255\" target=\"_blank\"></a><a href=\"https://open.spotify.com/playlist/5EZgFNVOWCU4Nc9aRTewVx?si=82142bd2eaa94255\" target=\"_blank\" style=\"background-color: rgb(255, 255, 255); color: rgb(35, 82, 124); text-decoration-line: underline; outline: 0px;\"><span style=\"color: rgb(0, 0, 0); font-family: &quot;Open Sans&quot;, Arial, sans-serif; font-size: 16px; text-align: justify;\">\"Lorem ipsum dolor sit amet, consectetur adipiscing elit, sed do eiusmod tempor incididunt ut labore et dolore magna aliqua. Ut enim ad minim veniam, quis nostrud exercitation ullamco laboris nisi ut aliquip ex ea commodo consequat. Duis aute irure dolor in reprehenderit in voluptate velit esse cillum dolore eu fugiat nulla pariatur. Excepteur sint occaecat cupidatat non proident, sunt in culpa qui officia deserunt mollit anim id est laborum.\"</span></a><br></p><hr><p><a href=\"https://open.spotify.com/playlist/5EZgFNVOWCU4Nc9aRTewVx?si=82142bd2eaa94255\" target=\"_blank\">Link to Spotify</a><br></p>", "created_on": "2024-07-21T17:14:15.528Z", "status": 1, "excerpt": "The soundtrack of my life.", "updated_on": "2024-07-21T21:11:15.621Z"}}, {"model": "about.about", "pk": 1, "fields": {"title": "STAY AWAY, DANGER, BEWARE! or COME THIS WAY!", "updated_on": "2024-07-16T20:15:25.494Z", "content": "<p dir=\"ltr\" style=\"line-height: 1.38; margin-top: 0pt; margin-bottom: 0pt; padding: 0pt 0pt 8pt;\"><span style=\"font-size: 14px; font-family: Verdana;\">A lighthouse emitting red and green messages illuminates the sky surrounding the island of Svartklubben. The light compass across the horizon of the Sea of Åland and the northern archipelago of Stockholm. Since 1819, this beacon of hope has warned mariners of dangerous shallows and perilous rocky coasts, guiding vessels safely into and out of harbours. It’s a place where time stands still, a place to contemplate, to get inspired, and a place very dear to my heart.</span><br></p><p><span id=\"docs-internal-guid-3358556b-7fff-a9f7-afcf-0d900bd9171b\" style=\"\"></span></p><p dir=\"ltr\" style=\"line-height: 1.38; margin-top: 0pt; margin-bottom: 8pt;\"><span style=\"font-variant-numeric: normal; font-variant-east-asian: normal; font-variant-alternates: normal; font-variant-position: normal; vertical-align: baseline; font-size: 14px; font-family: Verdana;\">Svartklubben FM is a music blog serving as a guiding light through cyberspace, leading music enthusiasts with frequently updated playlists curated to fit specific moods and monthly highlights that celebrate a wide range of music genres. Svartklubben FM is dedicated to promoting music discovery and to shine a light on tunes beyond the mainstream charts</span><span style=\"font-variant-numeric: normal; font-variant-east-asian: normal; font-variant-alternates: normal; font-variant-position: normal; vertical-align: baseline; font-family: Verdana; font-size: 14px;\">.</span><span style=\"background-color: rgb(255, 255, 255); font-family: Tahoma;\">﻿</span></p><p><span style=\"font-family: &quot;Courier New&quot;;\"></span></p><p data-line=\"2\" class=\"code-line\" dir=\"auto\" style=\"margin-bottom: 16px; position: relative; color: rgb(59, 59, 59); font-family: -apple-system, &quot;system-ui&quot;, &quot;Segoe WPC&quot;, &quot;Segoe UI&quot;, system-ui, Ubuntu, &quot;Droid Sans&quot;, sans-serif;\"><!-- notionvc: b2c2c98b-62d5-46b9-a728-c062c9100838 --></p><p></p>", "profile_image": "image/upload/v1721160926/chkmdmsj9e1bkyijedvl.jpg"}}, {"model": "polls.question", "pk": 1, "fields": {"question_text": "When Do You Usually Listen to Music?", "pub_date": "2024-09-03T06:48:57Z"}}, {"model": "polls.question", "pk": 2, "fields": {"question_text": "How Do You Discover New Music?", "pub_date": "2024-09-03T06:50:03Z"}}, {"model": "polls.question", "pk": 3, "fields": {"question_text": "What’s Your Preferred Music Listening Format?", "pub_date": "2024-09-03T06:53:50Z"}}, {"model": "polls.question", "pk": 4, "fields": {"question_text": "How Often Do You Listen to Music?", "pub_date": "2024-09-03T06:56:09Z"}}, {"model": "polls.question", "pk": 5, "fields": {"question_text": "What Device Do You Mainly Use to Listen to Music?", "pub_date": "2024-09-03T06:56:50Z"}}, {"model": "polls.question", "pk": 6, "fields": {"question_text": "Do You Prefer Listening to Full Albums or Playlists?", "pub_date": "2024-09-03T06:57:44Z"}}, {"model": "polls.question", "pk": 7, "fields": {"question_text": "Do You Attend Live Music Events?", "pub_date": "2024-09-03T07:00:11Z"}}, {"model": "polls.question", "pk": 8, "fields": {"question_text": "What’s Your Favorite Way to Experience Music?", "pub_date": "2024-09-03T07:03:20Z"}}, {"model": "polls.question", "pk": 9, "fields": {"question_text": "What Influences Your Music Taste the Most?", "pub_date": "2024-09-03T07:05:59Z"}}, {"model": "polls.choice", "pk": 1, "fields": {"question": 1, "choice_text": "Morning", "votes": 0}}, {"model": "polls.choice", "pk": 2, "fields": {"question": 1, "choice_text": "Afternoon", "votes": 0}}, {"model": "polls.choice", "pk": 3, "fields": {"question": 1, "choice_text": "Evening", "votes": 0}}, {"model": "polls.choice", "pk": 4, "fields": {"question": 1, "choice_text": "Late Night", "votes": 0}}, {"model": "polls.choice", "pk": 5, "fields": {"question": 1, "choice_text": "All Day Long", "votes": 0}}, {"model": "polls.choice", "pk": 6, "fields": {"question": 1, "choice_text": "Only on Weekends", "votes": 0}}, {"model": "polls.choice", "pk": 7, "fields": {"question": 2, "choice_text": "Streaming Service Playlists (Spotify, Apple Music, etc.)", "votes": 0}}, {"model": "polls.choice", "pk": 8, "fields": {"question": 2, "choice_text": "Social Media (YouTube, TikTok, Instagram, etc.)", "votes": 0}}, {"model": "polls.choice", "pk": 9, "fields": {"question": 2, "choice_text": "Recommendations from Friends/Family", "votes": 0}}, {"model": "polls.choice", "pk": 10, "fields": {"question": 2, "choice_text": "Radio/TV", "votes": 0}}, {"model": "polls.choice", "pk": 11, "fields": {"question": 2, "choice_text": "Live Concerts/Festivals", "votes": 0}}, {"model": "polls.choice", "pk": 12, "fields": {"question": 2, "choice_text": "Music Blogs/Magazines", "votes": 0}}, {"model": "polls.choice", "pk": 13, "fields": {"question": 3, "choice_text": "Streaming (Spotify, Apple Music, etc.)", "votes": 0}}, {"model": "polls.choice", "pk": 14, "fields": {"question": 3, "choice_text": "Vinyl Records", "votes": 0}}, {"model": "polls.choice", "pk": 15, "fields": {"question": 3, "choice_text": "CDs", "votes": 0}}, {"model": "polls.choice", "pk": 16, "fields": {"question": 3, "choice_text": "Radio", "votes": 0}}, {"model": "polls.choice", "pk": 17, "fields": {"question": 3, "choice_text": "Downloads (MP3, FLAC)", "votes": 0}}, {"model": "polls.choice", "pk": 18, "fields": {"question": 3, "choice_text": "Live Performances", "votes": 0}}, {"model": "polls.choice", "pk": 19, "fields": {"question": 3, "choice_text": "Cassettes", "votes": 0}}, {"model": "polls.choice", "pk": 20, "fields": {"question": 4, "choice_text": "Every day", "votes": 0}}, {"model": "polls.choice", "pk": 21, "fields": {"question": 4, "choice_text": "A few times a week", "votes": 0}}, {"model": "polls.choice", "pk": 22, "fields": {"question": 4, "choice_text": "Once a week", "votes": 0}}, {"model": "polls.choice", "pk": 23, "fields": {"question": 4, "choice_text": "A few times a month", "votes": 0}}, {"model": "polls.choice", "pk": 24, "fields": {"question": 4, "choice_text": "Rarely", "votes": 0}}, {"model": "polls.choice", "pk": 25, "fields": {"question": 4, "choice_text": "Almost never", "votes": 0}}, {"model": "polls.choice", "pk": 26, "fields": {"question": 5, "choice_text": "Smartphone", "votes": 0}}, {"model": "polls.choice", "pk": 27, "fields": {"question": 5, "choice_text": "Laptop/Computer", "votes": 0}}, {"model": "polls.choice", "pk": 28, "fields": {"question": 5, "choice_text": "Tablet", "votes": 0}}, {"model": "polls.choice", "pk": 29, "fields": {"question": 5, "choice_text": "Smart Speaker (Alexa, Google Home, etc.)", "votes": 0}}, {"model": "polls.choice", "pk": 30, "fields": {"question": 5, "choice_text": "Car Stereo", "votes": 0}}, {"model": "polls.choice", "pk": 31, "fields": {"question": 5, "choice_text": "Vinyl/CD Player", "votes": 0}}, {"model": "polls.choice", "pk": 32, "fields": {"question": 6, "choice_text": "Full Albums", "votes": 0}}, {"model": "polls.choice", "pk": 33, "fields": {"question": 6, "choice_text": "Curated Playlists", "votes": 0}}, {"model": "polls.choice", "pk": 34, "fields": {"question": 6, "choice_text": "Radio Stations", "votes": 0}}, {"model": "polls.choice", "pk": 35, "fields": {"question": 6, "choice_text": "Single Tracks", "votes": 0}}, {"model": "polls.choice", "pk": 36, "fields": {"question": 6, "choice_text": "Podcasts instead of music", "votes": 0}}, {"model": "polls.choice", "pk": 37, "fields": {"question": 7, "choice_text": "Regularly", "votes": 0}}, {"model": "polls.choice", "pk": 38, "fields": {"question": 7, "choice_text": "Occasionally", "votes": 0}}, {"model": "polls.choice", "pk": 39, "fields": {"question": 7, "choice_text": "Rarely", "votes": 0}}, {"model": "polls.choice", "pk": 40, "fields": {"question": 7, "choice_text": "Never", "votes": 0}}, {"model": "polls.choice", "pk": 41, "fields": {"question": 7, "choice_text": "Prefer Virtual Concerts", "votes": 0}}, {"model": "polls.choice", "pk": 42, "fields": {"question": 8, "choice_text": "Live Concerts", "votes": 0}}, {"model": "polls.choice", "pk": 43, "fields": {"question": 8, "choice_text": "Through High-Quality Headphones", "votes": 0}}, {"model": "polls.choice", "pk": 44, "fields": {"question": 8, "choice_text": "At a Club or Party", "votes": 0}}, {"model": "polls.choice", "pk": 45, "fields": {"question": 8, "choice_text": "In the Car", "votes": 0}}, {"model": "polls.choice", "pk": 46, "fields": {"question": 8, "choice_text": "Background Music While Working/Studying", "votes": 0}}, {"model": "polls.choice", "pk": 47, "fields": {"question": 8, "choice_text": "At Home on a Surround Sound System", "votes": 0}}, {"model": "polls.choice", "pk": 48, "fields": {"question": 9, "choice_text": "Friends/Family", "votes": 0}}, {"model": "polls.choice", "pk": 49, "fields": {"question": 9, "choice_text": "Personal Mood", "votes": 0}}, {"model": "polls.choice", "pk": 50, "fields": {"question": 9, "choice_text": "Social Media Trends", "votes": 0}}, {"model": "polls.choice", "pk": 51, "fields": {"question": 9, "choice_text": "Past Experiences/Nostalgia", "votes": 0}}, {"model": "polls.choice", "pk": 52, "fields": {"question": 9, "choice_text": "Current Events/Politics", "votes": 0}}, {"model": "polls.choice", "pk": 53, "fields": {"question": 9, "choice_text": "Random Discovery", "votes": 0}}, {"model": "polls.choicevote", "pk": 1, "fields": {"choice": 48, "users": []}}, {"model": "polls.choicevote", "pk": 2, "fields": {"choice": 49, "users": []}}]